{"cameraMode":{"drawMode":0,"name":"Shaded","section":"Shading Mode"},"sceneLighting":false,"audioPlay":false,"sceneViewState":{"showFog":true,"showMaterialUpdate":false,"showSkybox":false,"showFlares":true,"showImageEffects":true,"showParticleSystems":true},"in2DMode":false,"pivot":{"x":-23.0,"y":10.853477478027344,"z":79.75494384765625},"rotation":{"x":-0.2516717314720154,"y":-0.0055315131321549419,"z":0.001479733851738274,"w":-0.9678512811660767},"size":2.616671323776245,"orthographic":false}