{"cameraMode":{"drawMode":0,"name":"Shaded","section":"Shading Mode"},"sceneLighting":false,"audioPlay":false,"sceneViewState":{"showFog":true,"showMaterialUpdate":false,"showSkybox":false,"showFlares":true,"showImageEffects":true,"showParticleSystems":true},"in2DMode":false,"pivot":{"x":-48.518760681152347,"y":-3.441361904144287,"z":19.311965942382814},"rotation":{"x":-0.2112758457660675,"y":0.4308500289916992,"z":-0.1044262945652008,"w":-0.8711745142936707},"size":2.593362808227539,"orthographic":true}