{"cameraMode":{"drawMode":0,"name":"Shaded","section":"Shading Mode"},"sceneLighting":false,"audioPlay":false,"sceneViewState":{"showFog":true,"showMaterialUpdate":false,"showSkybox":false,"showFlares":true,"showImageEffects":true,"showParticleSystems":true},"in2DMode":false,"pivot":{"x":-48.518760681152347,"y":-3.441361904144287,"z":19.311965942382814},"rotation":{"x":-0.051871076226234439,"y":0.01675517112016678,"z":-0.0008088229224085808,"w":-0.998569667339325},"size":2.593362808227539,"orthographic":true}