{"cameraMode":{"drawMode":0,"name":"Shaded","section":"Shading Mode"},"sceneLighting":false,"audioPlay":false,"sceneViewState":{"showFog":true,"showMaterialUpdate":false,"showSkybox":false,"showFlares":true,"showImageEffects":true,"showParticleSystems":true},"in2DMode":false,"pivot":{"x":-1.1920928955078126e-7,"y":1.0214602947235108,"z":0.07719635963439942},"rotation":{"x":0.37736356258392336,"y":0.45439082384109499,"z":-0.2206944227218628,"w":0.7762669324874878},"size":2.5797014236450197,"orthographic":true}